CASEID,PSU,CASENO,CASENUMBER,CATEGORY,VEHNO,ADAPT,CASEWGT,PSUSTRAT,VERSION
7018,17,29,1-17-2017-029-03,3,1,3,556.30488602118700000000,4,2
7232,20,65,1-20-2017-065-02,2,2,1,39.06733804536630000000,11,2
7232,20,65,1-20-2017-065-02,2,2,3,39.06733804536630000000,11,2
7232,20,65,1-20-2017-065-02,2,2,7,39.06733804536630000000,11,2
7232,20,65,1-20-2017-065-02,2,2,9,39.06733804536630000000,11,2
7232,20,65,1-20-2017-065-02,2,2,98,39.06733804536630000000,11,2
8374,22,108,1-22-2017-108-06,6,1,3,78.03574184304760000000,12,2
